<?xml version="1.0" encoding="UTF-8"?>
<assembly xmlns="urn:schemas-microsoft-com:asm.v1" manifestVersion="1.0">
    <dependency>
        <dependentAssembly>
            <assemblyIdentity type="win32" name="Microsoft.Windows.Common-Controls" version="6.0.0.0" processorArchitecture="x86" publicKeyToken="6595b64144ccf1df" language="*"></assemblyIdentity>
        </dependentAssembly>
    </dependency>
    <trustInfo xmlns="urn:schemas-microsoft-com:asm.v3">
        <security>
            <requestedPrivileges>
                <requestedExecutionLevel level="requireAdministrator"></requestedExecutionLevel>
            </requestedPrivileges>
        </security>
    </trustInfo>
    <asmv3:application xmlns:asmv3="urn:schemas-microsoft-com:asm.v3">
        <asmv3:windowsSettings xmlns="http://schemas.microsoft.com/SMI/2005/WindowsSettings">
            <dpiAware>true</dpiAware>
        </asmv3:windowsSettings>
    </asmv3:application>
</assembly>