<?xml version="1.0" encoding="UTF-8" standalone="yes"?>
<assembly xmlns="urn:schemas-microsoft-com:asm.v1" manifestVersion="1.0">
    <assemblyIdentity name="E.App" processorArchitecture="x86" version="5.2.0.0" type="win32"/>
    <trustInfo xmlns="urn:schemas-microsoft-com:asm.v3">
        <security>
            <requestedPrivileges>
                <requestedExecutionLevel level="requireAdministrator" uiAccess="false"/>
            </requestedPrivileges>
        </security>
    </trustInfo>
</assembly>